Site,HouseID,REP#,CoreID,Depth,LU_Current,LU_Previous,Yr_Built,Lawn Age,CoarseVeg,StructDen,BD,N_Perc,C_Perc,C_N,N_gm2,C_gm2,Sand_Perc,Clay_Perc,Silt_Perc,MB Carbon,Respiration,Initial NO3 (+NO2),Initial NH4,MBN,Net N Min,Net Nitr
Hillsdale 1,,1,Hillsdale 1_1,0to10,Forest,NA,NA,,NA,NA,0.909,0.131,2.367,18.033,0,0,20.9,13.5,65.6,248.0056495,5.843,0.277,10.297,65.433,0.417,0.07
Hillsdale 2,,1,Hillsdale 2_1,0to10,Forest,NA,NA,,NA,NA,0.833,0.2,3.112,15.543,0,0,33.9,12.2,53.9,461.5742368,8.219,9.164,7.807,95.314,0.386,0.351
Leakin 1,,1,Leakin 1_1,0to10,Forest,NA,NA,,NA,NA,0.927,0.175,2.329,13.316,0,0,38.3,14,47.6,414.5008999,5.853,9.069,0.819,65.638,0.18,0.186
Leakin 2 ,,1,Leakin 2 _1,0to10,Forest,NA,NA,,NA,NA,0.688,0.11,2.549,23.143,0,0,60.5,10.5,29,797.7840349,19.719,0.266,5.645,55.82,0.57,0
Oregon Ridge Mid 1,,1,Oregon Ridge Mid 1_1,0to10,Forest,NA,NA,,NA,NA,0.494,0.249,4.705,18.872,0,0,54.3,11.7,33.9,124.1263228,3.632,0.708,12.389,118.211,0.769,0.062
Oregon Ridge Upper 1 ,,1,Oregon Ridge Upper 1 _1,0to10,Forest,NA,NA,,NA,NA,0.606,0.153,3.119,20.361,0,0,50.8,11.2,38,936.3272536,12.453,0.282,16.475,105.89,0.569,0.051
Oregon Ridge Upper 2 ,,1,Oregon Ridge Upper 2 _1,0to10,Forest,NA,NA,,NA,NA,0.692,0.196,2.857,14.582,0,0,41.5,12.1,46.3,675.4195921,2.737,0.286,3.429,107.803,0.769,0
Hillsdale 1,,2,Hillsdale 1_2,0to10,Forest,NA,NA,,NA,NA,0.874,0.171,3.108,18.128,0,0,,,,391.7104111,14.342,0.278,9.44,64.971,1.638,0.025
Hillsdale 2,,2,Hillsdale 2_2,0to10,Forest,NA,NA,,NA,NA,0.643,0.171,2.225,13.048,0,0,,,,114.5445739,1.701,13.719,1.125,69.936,0.305,0.249
Leakin 1,,2,Leakin 1_2,0to10,Forest,NA,NA,,NA,NA,0.839,0.233,3.362,14.448,0,0,,,,558.1409981,12.758,3.439,3.042,100.196,-0.391,-0.247
Leakin 2 ,,2,Leakin 2 _2,0to10,Forest,NA,NA,,NA,NA,0.603,0.193,4.028,20.831,0,0,,,,669.7389587,16.876,0.301,15.813,113.472,0.453,0
Oregon Ridge Mid 1,,2,Oregon Ridge Mid 1_2,0to10,Forest,NA,NA,,NA,NA,0.658,0.255,4.671,18.289,0,0,,,,183.5555205,2.616,1.187,11.455,160.519,1.137,0.139
Oregon Ridge Mid 2,,2,Oregon Ridge Mid 2_2,0to10,Forest,NA,NA,,NA,NA,1.012,0.083,1.22,14.688,0,0,41.7,20.3,38,254.3693165,6.422,0.963,6.017,24.223,-0.264,-0.061
Oregon Ridge Upper 1 ,,2,Oregon Ridge Upper 1 _2,0to10,Forest,NA,NA,,NA,NA,0.641,0.199,3.815,19.165,0,0,,,,946.880992,15.653,0.295,6.903,108.749,0.646,0
Oregon Ridge Upper 2 ,,2,Oregon Ridge Upper 2 _2,0to10,Forest,NA,NA,,NA,NA,0.493,0.26,4.774,18.339,0,0,,,,1034.288268,3.108,0.291,11.567,174.977,1.137,0
Oregon Ridge Mid 2,,3,Oregon Ridge Mid 2_3,0to10,Forest,NA,NA,,NA,NA,0.68,0.239,3.916,16.369,0,0,,,,187.3346173,4.573,0.379,7.508,99.119,0.607,-0.001
Hillsdale 1,,1,Hillsdale 1_1,10to30,Forest,NA,NA,,NA,NA,1.183,0.054,0.771,14.279,0,0,12.2,22.5,65.3,138.5568745,3.027,0.259,2.947,13.724,0.135,0
Hillsdale 2,,1,Hillsdale 2_1,10to30,Forest,NA,NA,,NA,NA,1.267,0.047,0.43,9.252,0,0,20.2,28.8,51,78.36901609,2.348,0.252,3.985,7.577,0.017,0
Leakin 1,,1,Leakin 1_1,10to30,Forest,NA,NA,,NA,NA,1.179,0.071,0.983,13.931,0,0,31.1,18.7,50.2,224.522995,3.253,1.433,1.535,23.277,0.042,0.085
Leakin 2 ,,1,Leakin 2 _1,10to30,Forest,NA,NA,,NA,NA,1.11,0.021,0.345,16.23,0,0,45.1,20,34.9,163.10518,3.327,0.242,2.709,8.163,0.081,0
Oregon Ridge Mid 1,,1,Oregon Ridge Mid 1_1,10to30,Forest,NA,NA,,NA,NA,0.929,0.066,0.821,12.414,0,0,46.7,20,33.3,79.99052793,2.409,0.256,2.403,13.808,-0.103,0
Oregon Ridge Upper 1 ,,1,Oregon Ridge Upper 1 _1,10to30,Forest,NA,NA,,NA,NA,1.027,0.035,0.579,16.595,0,0,48.3,20,31.7,241.4972876,5.484,0.258,1.957,7.706,-0.077,0
Oregon Ridge Upper 2 ,,1,Oregon Ridge Upper 2 _1,10to30,Forest,NA,NA,,NA,NA,1.086,0.045,0.54,11.917,0,0,32.3,29.7,38,87.81950512,2.394,0.259,2.068,6.337,-0.073,0
Hillsdale 1,,2,Hillsdale 1_2,10to30,Forest,NA,NA,,NA,NA,1.285,0.026,0.465,17.931,0,0,7.6,26.3,66.1,99.68521868,2.928,0.255,1.632,9.121,0.002,0
Hillsdale 2,,2,Hillsdale 2_2,10to30,Forest,NA,NA,,NA,NA,1.28,0.039,0.361,9.174,0,0,20.9,35,44.1,67.44776824,1.865,2.33,1.087,4.57,0.031,-0.001
Leakin 1,,2,Leakin 1_2,10to30,Forest,NA,NA,,NA,NA,1.167,0.096,1.263,13.144,0,0,33.8,19.7,46.5,148.1167594,2.22,0.572,3.375,32.406,-0.03,-0.026
Leakin 2 ,,2,Leakin 2 _2,10to30,Forest,NA,NA,,NA,NA,0.959,0.027,0.473,17.272,0,0,45,19.7,35.2,96.44339112,5.395,0.243,3.548,13.885,-0.022,0
Oregon Ridge Mid 1,,2,Oregon Ridge Mid 1_2,10to30,Forest,NA,NA,,NA,NA,1.007,0.068,0.873,12.78,0,0,34.2,26.3,39.5,71.4999273,3.245,0.26,3.384,17.962,-0.106,0
Oregon Ridge Mid 2,,2,Oregon Ridge Mid 2_2,10to30,Forest,NA,NA,,NA,NA,1.014,0.033,0.432,13.186,0,0,40.1,25,35,108.9322489,3.304,0.286,10.625,10.479,-0.385,0.036
Oregon Ridge Upper 1 ,,2,Oregon Ridge Upper 1 _2,10to30,Forest,NA,NA,,NA,NA,0.975,0.038,0.571,15.074,0,0,38.9,27.7,33.4,121.9908075,6.408,0.254,3,6.894,-0.072,0
Oregon Ridge Upper 2 ,,2,Oregon Ridge Upper 2 _2,10to30,Forest,NA,NA,,NA,NA,0.91,0.058,0.986,16.968,0,0,38.3,23.8,37.9,90.8959744,5.837,0.275,3.686,19.409,-0.155,-0.002
Oregon Ridge Mid 2,,3,Oregon Ridge Mid 2_3,10to30,Forest,NA,NA,,NA,NA,1.065,0.07,0.97,13.943,0,0,32.4,27.5,40.1,55.2830797,2.496,0.295,3.957,26.524,0.053,0
Hillsdale 1,,1,Hillsdale 1_1,30to70,Forest,NA,NA,,NA,NA,1.183,0.029,0.224,7.653,0,0,16,41.2,42.8,54.37437108,2.717,0.268,0.537,1.786,0.009,0
Hillsdale 2,,1,Hillsdale 2_1,30to70,Forest,NA,NA,,NA,NA,1.147,0.033,0.405,12.227,0,0,21.5,48.5,30,69.55873054,2.093,0.282,0.901,2.122,0.045,0
Leakin 1,,1,Leakin 1_1,30to70,Forest,NA,NA,,NA,NA,1.161,0.029,0.28,9.56,0,0,31.9,29.8,38.4,68.49350976,2.271,0.284,0.853,2.012,-0.027,0
Leakin 2 ,,1,Leakin 2 _1,30to70,Forest,NA,NA,,NA,NA,1.341,0.015,0.215,14.179,0,0,43.2,23.5,33.3,104.1592459,3.512,0.257,1.285,3.209,0.026,0
Oregon Ridge Mid 1,,1,Oregon Ridge Mid 1_1,30to70,Forest,NA,NA,,NA,NA,1.219,0.024,0.225,9.177,0,0,61.6,22.5,15.9,39.85193264,2.683,0.251,1.105,1.626,-0.079,0
Oregon Ridge Upper 1 ,,1,Oregon Ridge Upper 1 _1,30to70,Forest,NA,NA,,NA,NA,1.182,0.016,0.26,16.508,0,0,49.5,29,21.5,80.12306517,3.645,0.248,0.792,1.705,-0.015,0
Oregon Ridge Upper 2 ,,1,Oregon Ridge Upper 2 _1,30to70,Forest,NA,NA,,NA,NA,1.273,0.02,0.16,7.865,0,0,36.5,38.8,24.8,65.83362236,3.495,0.255,0.917,1.273,0.036,0
Hillsdale 1,,2,Hillsdale 1_2,30to70,Forest,NA,NA,,NA,NA,1.401,0.019,0.222,11.475,0,0,20,32.5,47.5,77.61959594,3.009,0.251,0.503,1.422,-0.023,0
Hillsdale 2,,2,Hillsdale 2_2,30to70,Forest,NA,NA,,NA,NA,1.136,0.024,0.244,9.996,0,0,23.4,40,36.6,60.5988658,1.817,3.236,0.614,3.84,0.003,-0.012
Leakin 1,,2,Leakin 1_2,30to70,Forest,NA,NA,,NA,NA,1.361,0.033,0.36,10.928,0,0,44.6,21,34.4,93.22147945,2.938,0.29,1.218,4.438,-0.085,0
Leakin 2 ,,2,Leakin 2 _2,30to70,Forest,NA,NA,,NA,NA,1.142,0,0.126,,0,0,64.5,21,14.5,106.2766391,3.19,0.244,0.879,1.016,-0.031,0
Oregon Ridge Mid 1,,2,Oregon Ridge Mid 1_2,30to70,Forest,NA,NA,,NA,NA,1.22,0.025,0.23,9.127,0,0,47.2,31.5,21.3,76.03094706,2.627,0.256,2.154,2.76,-0.07,0
Oregon Ridge Mid 2,,2,Oregon Ridge Mid 2_2,30to70,Forest,NA,NA,,NA,NA,0.95,0.017,0.106,6.307,0,0,70.3,15,14.8,72.69630923,2.327,0.277,0.554,0.92,-0.026,0
Oregon Ridge Upper 1 ,,2,Oregon Ridge Upper 1 _2,30to70,Forest,NA,NA,,NA,NA,1.176,0.013,0.179,13.693,0,0,66.5,17.5,16,137.6458528,2.65,0.256,1.795,1.105,-0.141,0
Oregon Ridge Upper 2 ,,2,Oregon Ridge Upper 2 _2,30to70,Forest,NA,NA,,NA,NA,1.422,0.021,0.202,9.766,0,0,30.6,33.8,35.7,73.96426021,4.005,0.227,1.501,1.783,-0.08,0
Oregon Ridge Mid 2,,3,Oregon Ridge Mid 2_3,30to70,Forest,NA,NA,,NA,NA,1.354,0.022,0.161,7.32,0,0,34.9,32.5,32.5,67.05315865,2.787,0.28,0.672,1.861,-0.037,0
Hillsdale 1,,1,Hillsdale 1_1,70to100,Forest,NA,NA,,NA,NA,1.007,0.016,0.2,12.868,0,0,30.3,40,29.7,102.6870095,2.842,0.281,0.954,1.433,-0.062,0
Hillsdale 2,,1,Hillsdale 2_1,70to100,Forest,NA,NA,,NA,NA,1.211,0.019,0.136,7.205,0,0,21.5,42.5,36,66.35974134,1.942,0.276,0.772,1.305,0.019,0
Leakin 1,,1,Leakin 1_1,70to100,Forest,NA,NA,,NA,NA,1.115,0.043,0.313,7.311,0,0,37.6,27.5,35,113.7699675,2.427,0.572,0.858,2.149,-0.006,0.015
Leakin 2 ,,1,Leakin 2 _1,70to100,Forest,NA,NA,,NA,NA,1.279,0,0.104,,0,0,60.8,17.3,21.9,75.66298054,2.766,0.244,0.975,1.114,-0.027,0
Oregon Ridge Mid 1,,1,Oregon Ridge Mid 1_1,70to100,Forest,NA,NA,,NA,NA,1.295,0.013,0.117,8.658,0,0,70.9,17.5,11.6,719.9726428,9.857,0.236,0.849,1.309,-0.056,0
Oregon Ridge Upper 1 ,,1,Oregon Ridge Upper 1 _1,70to100,Forest,NA,NA,,NA,NA,1.222,0,0.138,,0,0,80.8,9,10.2,82.17325853,3.416,0.256,0.665,1.677,-0.037,0
Oregon Ridge Upper 2 ,,1,Oregon Ridge Upper 2 _1,70to100,Forest,NA,NA,,NA,NA,1.336,0.012,0.09,7.429,0,0,36.5,42.5,21,84.20363044,3.433,0.255,0.867,0.8,0.063,0
Hillsdale 1,,2,Hillsdale 1_2,70to100,Forest,NA,NA,,NA,NA,1.319,0.012,0.231,19.013,0,0,46,21.3,32.8,69.85953995,3.482,0.249,0.598,1.129,-0.032,0
Hillsdale 2,,2,Hillsdale 2_2,70to100,Forest,NA,NA,,NA,NA,1.019,0.021,0.171,8.221,0,0,29,33.5,37.5,41.46897281,2.229,3.961,0.932,5.351,0.024,-0.002
Leakin 1,,2,Leakin 1_2,70to100,Forest,NA,NA,,NA,NA,1.395,0.017,0.127,7.322,0,0,44.7,21.2,34.1,77.51574883,2.345,0.288,0.288,0.566,0,0
Leakin 2 ,,2,Leakin 2 _2,70to100,Forest,NA,NA,,NA,NA,1.326,0,0.084,,0,0,53.7,16.3,30,78.76782228,3.186,0.251,0.501,0.495,-0.023,0
Oregon Ridge Mid 1,,2,Oregon Ridge Mid 1_2,70to100,Forest,NA,NA,,NA,NA,1.328,0.024,0.142,5.925,0,0,62.6,22.5,14.9,157.6368617,3.04,0.248,0.495,0.488,0.003,0
Oregon Ridge Mid 2,,2,Oregon Ridge Mid 2_2,70to100,Forest,NA,NA,,NA,NA,1.384,0.008,0.086,11.036,0,0,76.4,9.8,13.9,93.2122708,2.582,0.284,0.284,0.841,-0.001,0
Oregon Ridge Upper 1 ,,2,Oregon Ridge Upper 1 _2,70to100,Forest,NA,NA,,NA,NA,1.342,0,0.1,,0,0,61,19.8,19.2,124.5123817,3.603,0.234,1.358,1.018,-0.103,0
Oregon Ridge Upper 2 ,,2,Oregon Ridge Upper 2 _2,70to100,Forest,NA,NA,,NA,NA,1.387,0.014,0.16,11.316,0,0,45.5,27.8,26.8,58.01247015,2.663,0.244,0.683,1.211,-0.014,0
Oregon Ridge Mid 2,,3,Oregon Ridge Mid 2_3,70to100,Forest,NA,NA,,NA,NA,1.384,0.012,0.065,5.398,0,0,56.9,26.2,16.9,275.2924133,14.708,0.279,0.279,0.878,-0.001,0
House9,9,1,9.1,0to10,Residential,Ag,1989,18,2+,1,0.656,0.217,2.89,13.319,142.405,1896.687,46.335,12.509,41.156,421.47,12.411,0.716,11.835,79.112,0.105,0.098
House9,9,2,9.2,0to10,Residential,Ag,1989,18,2+,1,0.848,0.215,2.663,12.407,181.916,2257.095,,,,527.24,10.014,1.909,4.773,86.484,0.343,0.376
House9,9,1,9.1,10to30,Residential,Ag,1989,18,2+,1,1.178,0.081,0.884,10.871,191.502,2081.917,37.75,19.75,42.5,63.31,3.709,0.698,25.062,31.326,-0.243,0.124
House9,9,2,9.2,10to30,Residential,Ag,1989,18,2+,1,1.097,0.078,0.916,11.76,170.894,2009.749,37.078,22.767,40.155,124.9,1.707,0.75,1.75,12.136,0.043,0.112
House9,9,1,9.1,30to70,Residential,Ag,1989,18,2+,1,1.306,0.03,0.317,10.532,157.417,1657.967,31.5,39,29.5,78.55,2.082,0.703,11.555,8.301,-0.367,0.08
House9,9,2,9.2,30to70,Residential,Ag,1989,18,2+,1,1.282,0.029,0.279,9.781,146.492,1432.791,31.341,45.273,23.387,73.56,3.42,0.257,0.514,0.759,0.049,0
House9,9,1,9.1,70to100,Residential,Ag,1989,18,2+,1,1.268,0.025,0.202,8.018,130.539,1046.703,43.332,36.277,20.39,58.15,2.964,0.247,0.592,1.366,0.044,0
House9,9,2,9.2,70to100,Residential,Ag,1989,18,2+,1,1.225,0.01,0.074,7.691,36.791,282.975,52.536,35.224,12.241,47.97,2.638,0.244,0.244,0.822,0,0
House11,11,1,11.1,0to10,Residential,Ag,1980,27,2+,1,0.959,0.206,2.171,10.555,197.269,2082.17,40.765,15.746,43.489,493,4.374,18.084,0.848,96.24,0.633,0.395
House11,11,2,11.2,0to10,Residential,Ag,1980,27,2+,1,0.958,0.173,2.03,11.763,165.282,1944.229,,,,376.54,2.537,6.711,1.611,72.164,0.537,0.432
House11,11,1,11.1,10to30,Residential,Ag,1980,27,2+,1,1.257,0.085,0.785,9.258,213.107,1972.887,38.39,23.494,38.115,151.21,2.857,6.553,0.74,20.328,0.07,0.081
House11,11,2,11.2,10to30,Residential,Ag,1980,27,2+,1,1.047,0.047,0.508,10.864,97.903,1063.593,21.48,31.258,47.262,118.68,2.93,1.403,0.26,6.264,0.008,0.008
House11,11,1,11.1,30to70,Residential,Ag,1980,27,2+,1,1.253,0.03,0.22,7.337,149.956,1100.296,17.042,33.784,49.174,56.58,2.505,0.262,0.262,0.516,-0.001,0
House11,11,2,11.2,30to70,Residential,Ag,1980,27,2+,1,1.093,0.03,0.212,6.976,133.106,928.54,18.334,35.018,46.648,60.66,3.208,0.268,0.268,1.16,-0.001,0
House11,11,1,11.1,70to100,Residential,Ag,1980,27,2+,1,1.209,0.024,0.158,6.491,88.576,574.958,14.71,33.716,51.573,47.46,2.661,0.265,0.265,,,
House11,11,2,11.2,70to100,Residential,Ag,1980,27,2+,1,,,,,,,,,,,,,,,,
House12,12,1,12.1,0to10,Residential,Ag,1978,29,2+,1,0.872,0.224,2.432,10.833,195.657,2119.498,24.781,18.273,56.946,415.62,19.165,18.194,3.191,122.37,0.639,0.873
House12,12,2,12.2,0to10,Residential,Ag,1978,29,2+,1,1.146,0.213,2.465,11.591,243.766,2825.453,,,,412.12,9.42,23.795,0.609,120.643,0.638,0.624
House12,12,1,12.1,10to30,Residential,Ag,1978,29,2+,1,1.117,0.059,0.53,8.997,131.735,1185.224,18.959,34.767,46.273,213.46,3.339,2.856,2.025,10.129,0,0.161
House12,12,2,12.2,10to30,Residential,Ag,1978,29,2+,1,1.308,0.069,0.631,9.196,179.419,1649.941,18.23,32.508,49.262,272.65,4.327,8.408,0.731,19.302,0.095,0.138
House12,12,1,12.1,30to70,Residential,Ag,1978,29,2+,1,1.34,0.025,0.133,5.26,135.148,710.912,28.929,35.035,36.036,121.27,3.528,0.26,1.613,0.511,-0.124,0
House12,12,2,12.2,30to70,Residential,Ag,1978,29,2+,1,1.264,0.031,0.224,7.215,157.091,1133.439,24.944,36.277,38.779,107.56,3.342,4.817,0.524,5.761,0.023,0.047
House12,12,1,12.1,70to100,Residential,Ag,1978,29,2+,1,1.33,0.02,0.096,4.844,79.492,385.079,35.686,40.04,24.274,80.16,2.913,0.269,0.269,0.951,0.028,0
House12,12,2,12.2,70to100,Residential,Ag,1978,29,2+,1,1.122,0.025,0.197,7.984,82.917,662.018,32.324,38.779,28.897,109.82,4.395,4.246,0.743,5.527,0.027,0.046
House13,13,1,13.1,0to10,Residential,Ag,2002,5,2+,1,0.984,0.194,2.006,10.343,190.773,1973.169,36.907,18.741,44.353,74.69,5.065,9.885,6.206,77.032,0.48,0.642
House13,13,2,13.2,0to10,Residential,Ag,2002,5,2+,1,0.899,0.205,2.339,11.432,183.846,2101.649,,,,451.29,12.544,7.776,3.656,83.851,1.561,1.032
House13,13,1,13.1,10to30,Residential,Ag,2002,5,2+,1,1.151,0.073,0.659,9.038,167.904,1517.511,46.25,18.75,35,71.81,3.284,7.326,3.738,24.249,0.153,0.336
House13,13,2,13.2,10to30,Residential,Ag,2002,5,2+,1,1.124,0.082,0.725,8.838,184.452,1630.099,36.407,25.987,37.606,135.68,3.241,5.317,24.501,44.534,0.233,0.808
House13,13,1,13.1,30to70,Residential,Ag,2002,5,2+,1,0.831,0.019,0.224,11.556,64.405,744.251,71.729,7.255,21.016,72.33,1.969,1.222,0.684,1.929,0.007,-0.001
House13,13,2,13.2,30to70,Residential,Ag,2002,5,2+,1,1.154,0.014,0.116,8.322,64.18,534.125,70.632,7.248,22.119,85.62,2.858,0.243,0.583,0.819,-0.031,0
House13,13,1,13.1,70to100,Residential,Ag,2002,5,2+,1,1,0,0.081,,0,745.134,69.538,7.241,23.221,74.62,2.551,0.246,2.212,1.015,-0.082,0
House13,13,2,13.2,70to100,Residential,Ag,2002,5,2+,1,1,0,0.094,,0,282.023,66.409,8.492,25.1,64.48,2.804,0.263,0.263,0.514,0.023,0
House20,20,1,20.1,0to10,Residential,Ag,1963,44,2+,2+,1.123,0.052,0.479,9.221,58.373,538.261,40.875,27.75,31.375,120.05,5.082,0.775,0.878,3.812,-0.028,0.035
House20,20,2,20.2,0to10,Residential,Ag,1963,44,2+,2+,0.946,0.169,2.022,11.991,159.505,1912.581,,,,565.43,11.452,5.432,1.098,42.986,0.398,0.479
House20,20,1,20.1,10to30,Residential,Ag,1963,44,2+,2+,1.269,0.136,1.452,10.686,344.739,3684.012,42.25,24,33.75,380.69,15.215,2.447,1.064,34.069,0.686,0.65
House20,20,2,20.2,10to30,Residential,Ag,1963,44,2+,2+,1.247,0.038,0.3,7.833,95.553,748.458,41.5,29.75,28.75,163.14,3.692,0.905,0.251,3.343,0.014,0.015
House20,20,1,20.1,30to70,Residential,Ag,1963,44,2+,2+,1.337,0.039,0.358,9.253,206.968,1915.158,45.195,25.025,29.78,110.23,3.543,0.251,0.502,1.917,0.107,0.024
House20,20,2,20.2,30to70,Residential,Ag,1963,44,2+,2+,1.306,0.04,0.358,8.912,210.099,1872.367,53.488,22.256,24.256,146.95,3.214,0.487,0.243,2.085,0.029,0.029
House20,20,1,20.1,70to100,Residential,Ag,1963,44,2+,2+,1.247,0.013,0.098,7.351,49.692,365.31,56.864,17.254,25.881,103.82,3.602,0.242,0.242,1.044,0.029,0
House20,20,2,20.2,70to100,Residential,Ag,1963,44,2+,2+,1.291,0,0.07,,0,270.926,67.1,14.761,18.139,84.7,3.241,0.242,0.242,0.853,-0.001,0
House21,21,1,21.1,0to10,Residential,Ag,1998,9,2+,1,0.879,0.171,1.692,9.877,150.498,1486.529,44.472,19.01,36.518,661.88,2.831,44.469,34.928,174.688,2.24,4.907
House21,21,2,21.2,0to10,Residential,Ag,1998,9,2+,1,0.82,0.146,1.557,10.676,119.602,1276.917,,,,572.47,18.019,9.442,2.996,80.899,0.689,0.881
House21,21,1,21.1,10to30,Residential,Ag,1998,9,2+,1,1.223,0.055,0.505,9.23,133.899,1235.883,41.544,25.231,33.225,290,5.782,4.643,0.516,15.999,0.121,0.145
House21,21,2,21.2,10to30,Residential,Ag,1998,9,2+,1,1.161,0.061,0.565,9.289,141.182,1311.37,44.639,23.744,31.617,226.04,4.786,2.821,1.149,9.52,0.038,0.086
House21,21,1,21.1,30to70,Residential,Ag,1998,9,2+,1,1.2,0.014,0.143,10.045,68.251,685.572,57.457,11.261,31.281,132.74,7.582,0.666,0.564,0.509,-0.065,-0.037
House21,21,2,21.2,30to70,Residential,Ag,1998,9,2+,1,1.183,0.016,0.113,7.106,75.401,535.792,57.071,11.014,31.915,97.33,1.248,0.613,0.255,0.75,0.049,0.013
House21,21,1,21.1,70to100,Residential,Ag,1998,9,2+,1,1.239,0,0.062,,0,229.465,57.625,10,32.375,94.79,1.589,0.248,0.793,0.491,-0.05,0
House21,21,2,21.2,70to100,Residential,Ag,1998,9,2+,1,1.187,0,0.081,,0,290.14,72.736,8.504,18.759,140.33,3.975,0.258,2.113,0.508,-0.169,0
House22,22,1,22.1,0to10,Residential,Ag,1962,45,2+,2+,0.822,0.181,2.197,12.131,148.857,1805.784,42.707,21.016,36.277,593.99,8.541,14.705,1.365,80.342,0.856,0.852
House22,22,2,22.2,0to10,Residential,Ag,1962,45,2+,2+,0.938,0.155,2.56,16.55,145.084,2401.143,34.012,20.362,45.626,125.54,2.924,11.883,1.103,67.477,0.915,0.939
House22,22,3,22.3,0to10,Residential,Ag,1962,45,2+,2+,0.751,0.256,3.178,12.401,192.442,2386.557,,,,96.23,13.587,59.75,4.773,149.366,1.375,1.515
House22,22,1,22.1,10to30,Residential,Ag,1962,45,2+,2+,1.049,0.052,0.572,11.05,108.687,1200.948,37.578,27.521,34.901,89.95,3.222,2.102,10.456,20.906,0.016,0.415
House22,22,2,22.2,10to30,Residential,Ag,1962,45,2+,2+,1.041,0.054,0.718,13.246,112.803,1494.171,34.609,30.008,35.384,161.27,13.371,10.956,4.472,30.025,2.542,2.199
House22,22,3,22.3,10to30,Residential,Ag,1962,45,2+,2+,1.019,0.065,0.851,13.148,131.961,1735.076,39.329,23.768,36.903,147.28,2.828,9.412,1.751,24.1,-0.261,-0.126
House22,22,1,22.1,30to70,Residential,Ag,1962,45,2+,2+,1.317,0.016,0.189,12.186,81.716,995.791,66.208,10.013,23.78,80.61,3.59,2.081,1.092,2.792,-0.035,0.017
House22,22,2,22.2,30to70,Residential,Ag,1962,45,2+,2+,1.253,0,0.113,,0,566.099,53.227,22.511,24.262,74.24,3.196,5.647,1.387,7.443,0.018,0.099
House22,22,3,22.3,30to70,Residential,Ag,1962,45,2+,2+,1.083,0.065,0.867,13.303,282.424,3756.981,42.611,20.005,37.384,153.13,1.961,9.185,1.837,24.868,-0.322,-0.18
House22,22,1,22.1,70to100,Residential,Ag,1962,45,2+,2+,1.371,0,0.101,,0,415.992,54.477,12.506,33.017,81.57,3.732,8.429,1.142,7.434,0.023,0.078
House22,22,2,22.2,70to100,Residential,Ag,1962,45,2+,2+,1.169,0,0.109,,0,381.916,57.032,12.491,30.477,73.04,2.702,6.89,5.207,13.071,0.047,0.049
House22,22,3,22.3,70to100,Residential,Ag,1962,45,2+,2+,,,,,,,,,,,,,,,,
House26,26,1,26.1,0to10,Residential,Ag,1920,87,4+,1,0.869,0.233,3.977,17.071,202.448,3456.039,49.975,13.757,36.268,376.66,20.954,17.044,1.438,84.682,-0.103,-0.049
House26,26,2,26.2,0to10,Residential,Ag,1920,87,4+,1,0.846,0.166,2.507,15.079,140.696,2121.558,,,,444.88,11.123,32.326,12.297,92.541,0.629,1.676
House26,26,1,26.1,10to30,Residential,Ag,1920,87,4+,1,1.216,0.086,3.614,41.996,209.327,8791.006,51.839,17.513,30.648,144.57,6.717,5.022,1.055,17.251,0.084,0.157
House26,26,2,26.2,10to30,Residential,Ag,1920,87,4+,1,1.066,0.1,1.892,19.001,212.195,4031.917,45.125,18.75,36.125,238.45,5.523,3.863,2.54,20.144,-0.148,0.059
House26,26,1,26.1,30to70,Residential,Ag,1920,87,4+,1,1.342,0.085,2.106,24.891,454.233,11306.278,44.847,18.759,36.393,167.84,5.266,2.681,0.263,9.566,0.137,0.137
House26,26,2,26.2,30to70,Residential,Ag,1920,87,4+,1,1.275,0.058,0.791,13.665,295.049,4031.814,40.095,23.762,36.143,226.87,6.508,1.147,1.408,5.935,0.213,0.318
House26,26,1,26.1,70to100,Residential,Ag,1920,87,4+,1,1.088,0.065,1.361,20.848,213.087,4442.364,45.611,17.504,36.884,204.41,6.388,1.951,2.492,8.381,-0.071,0.103
House26,26,2,26.2,70to100,Residential,Ag,1920,87,4+,1,1.419,0.048,0.515,10.787,203.163,2191.435,40.706,21.266,38.029,141.97,4.052,0.548,1.344,2.143,-0.061,0.039
House31,31,1,31.1,0to10,Residential,Ag,1963,44,2+,2+,0.916,0.241,2.59,10.741,220.982,2373.463,30.892,17.246,51.862,658.59,21.735,4.775,1.297,106.311,0.864,0.701
House31,31,2,31.2,0to10,Residential,Ag,1963,44,2+,2+,0.925,0.268,2.943,10.977,247.965,2721.855,,,,"1,303.48",30.72,4.425,1.357,118.484,0.271,0.267
House31,31,1,31.1,10to30,Residential,Ag,1963,44,2+,2+,1.174,0.086,0.932,10.805,202.487,2187.957,28.982,28.757,42.261,209.62,5.444,2.062,1.031,12.345,0.071,0.124
House31,31,2,31.2,10to30,Residential,Ag,1963,44,2+,2+,1.147,0.125,1.284,10.313,285.584,2945.262,30.698,23.768,45.534,437.09,9.257,6.681,0.748,43.4,0.554,0.529
House31,31,1,31.1,30to70,Residential,Ag,1963,44,2+,2+,1.347,0.058,0.579,9.94,314.195,3122.982,33.608,32.758,33.633,160.71,3.569,0.899,1.098,5.66,-0.06,0.025
House31,31,2,31.2,30to70,Residential,Ag,1963,44,2+,2+,1.372,0.048,0.479,10.009,262.534,2627.687,37.125,30,32.875,161.24,4.466,1.823,3.595,7.219,0.156,0.235
House31,31,1,31.1,70to100,Residential,Ag,1963,44,2+,2+,1.351,0.019,0.158,8.124,78.764,639.905,47.698,27.528,24.775,118.75,4.26,0.264,1.163,1.142,-0.049,0
House31,31,2,31.2,70to100,Residential,Ag,1963,44,2+,2+,1.302,0.016,0.13,8.257,61.532,508.082,41.279,34.983,23.738,88.09,3.99,0.258,0.567,1.274,0.02,0
House32,32,1,32.1,0to10,Residential,Ag,1963,44,2+,2+,0.908,0.233,2.451,10.526,211.398,2225.111,41.39,21.245,37.366,267.44,17.793,11.414,0.661,76.165,0.194,0.194
House32,32,2,32.2,0to10,Residential,Ag,1963,44,2+,2+,0.884,0.226,2.651,11.713,199.975,2342.272,,,,474.54,10.344,25.624,7.958,108.005,0.595,1.3
House32,32,1,32.1,10to30,Residential,Ag,1963,44,2+,2+,1.077,0.099,0.979,9.911,212.618,2107.146,34.5,27.5,38,241.92,6.144,14.171,4.973,36.147,0.315,0.749
House32,32,2,32.2,10to30,Residential,Ag,1963,44,2+,2+,1.219,0.055,0.554,10.006,135.09,1351.675,41.471,22.511,36.018,77.75,4.318,2.38,0.259,13.009,0.17,0.139
House32,32,1,32.1,30to70,Residential,Ag,1963,44,2+,2+,0.91,0.074,0.693,9.364,269.64,2525.045,19.545,37.538,42.918,129.02,3.263,2.563,1.281,5.978,0.012,0.113
House32,32,2,32.2,30to70,Residential,Ag,1963,44,2+,2+,1.683,0.076,0.803,10.64,508.428,5409.588,30.84,28.764,40.395,123.44,4.411,1.19,0.496,3.442,0.054,0.079
House32,32,1,32.1,70to100,Residential,Ag,1963,44,2+,2+,1.077,0.029,0.197,6.841,92.926,635.668,12.125,42.5,45.375,73.26,2.856,0.293,0.761,1.841,0.018,0
House32,32,2,32.2,70to100,Residential,Ag,1963,44,2+,2+,1.275,0.068,0.62,9.137,259.805,2373.729,7.125,42.5,50.375,129.33,4.196,0.94,0.276,4.808,0.044,0.044
House1,1,1,1.1,0to10,Residential,Forest,1965,42,2+,2+,0.72,0.234,3.11,13.271,168.793,2240.021,29.912,23.78,46.308,510.59,21.652,3.429,2.515,100.844,0.295,0.337
House1,1,2,1.2,0to10,Residential,Forest,1965,42,2+,2+,0.892,0.175,2.656,15.212,155.757,2369.351,,,,217.7,24.37,6.34,4.656,80.268,0.234,0.215
House1,1,1,1.1,10to30,Residential,Forest,1965,42,2+,2+,1.044,0.041,0.5,12.089,86.381,1044.279,43.958,33.775,22.267,204.84,4.765,0.265,2.91,13.673,-0.015,0.041
House1,1,2,1.2,10to30,Residential,Forest,1965,42,2+,2+,1.213,0.035,0.415,11.941,84.315,1006.796,35.811,37.538,26.652,217.52,5.086,0.267,0.963,7.839,0.005,0
House1,1,1,1.1,30to70,Residential,Forest,1965,42,2+,2+,1.109,0.017,0.15,8.767,76.146,667.551,52.762,28.743,18.495,87.15,4.074,0.268,0.589,1.326,-0.032,0
House1,1,2,1.2,30to70,Residential,Forest,1965,42,2+,2+,1.207,0.014,0.104,7.299,68.892,502.871,49.087,30.023,20.891,73.32,4.587,0.271,0.271,1.498,0.026,0
House1,1,1,1.1,70to100,Residential,Forest,1965,42,2+,2+,1.175,0.013,0.08,6.206,45.474,282.192,65.224,16.512,18.264,83.06,4.191,0.259,0.569,0.976,-0.031,0
House1,1,2,1.2,70to100,Residential,Forest,1965,42,2+,2+,1.227,0.011,0.081,7.192,41.356,297.432,62.866,19.755,17.379,107.36,5.007,0.264,0.264,1.148,-0.001,0
House2,2,1,2.1,0to10,Residential,Forest,1953,54,4+,1,0.89,0.22,2.743,12.448,196.185,2442.103,40.075,20.225,39.7,821.29,13.365,19.131,1.075,121.092,0.608,0.608
House2,2,2,2.2,0to10,Residential,Forest,1953,54,4+,1,0.971,0.165,2.071,12.519,160.648,2011.104,,,,727.69,8.287,19.878,0.631,78.505,0.494,0.504
House2,2,1,2.1,10to30,Residential,Forest,1953,54,4+,1,1.17,0.06,0.733,12.29,139.565,1715.283,34.592,24.762,40.645,82.43,5.767,2.98,1.079,17.931,0.232,0.196
House2,2,2,2.2,10to30,Residential,Forest,1953,54,4+,1,1.274,0.05,0.631,12.501,128.631,1608.072,37.688,26.276,36.036,202.21,4.961,2.505,0.613,8.085,0.055,0.088
House2,2,1,2.1,30to70,Residential,Forest,1953,54,4+,1,1.354,0.017,0.214,12.871,89.98,1158.167,43.403,34.733,21.864,99.33,4.463,0.258,0.774,1.263,-0.048,0
House2,2,2,2.2,30to70,Residential,Forest,1953,54,4+,1,1.402,0.019,0.214,11.419,105.113,1200.331,39.58,32.274,28.146,82.94,3.648,0.25,0.6,1.244,-0.032,0
House2,2,1,2.1,70to100,Residential,Forest,1953,54,4+,1,1.522,0,0.101,,0,463.107,52.738,27.507,19.755,79.13,2.798,0.543,0.592,0.773,-0.028,0.004
House2,2,2,2.2,70to100,Residential,Forest,1953,54,4+,1,1.414,0,0.112,,0,476.52,39.079,36.277,24.643,94.4,3.54,0.604,0.252,0.795,0.004,0.004
House3,3,1,3.1,0to10,Residential,Forest,2002,5,4+,2+,0.884,0.197,2.415,12.247,174.249,2133.98,43.93,13.517,42.553,285.53,8.819,36.921,6.308,142.62,0.641,0.706
House3,3,2,3.2,0to10,Residential,Forest,2002,5,4+,2+,1.001,0.165,2.092,12.68,165.081,2093.269,,,,306.48,7.689,20.116,1.001,98.303,0.4,0.202
House3,3,1,3.1,10to30,Residential,Forest,2002,5,4+,2+,1.143,0.083,1.027,12.396,189.49,2348.97,23.538,20.99,55.472,141.92,2.46,1.802,1.908,12.083,-0.003,-0.006
House3,3,2,3.2,10to30,Residential,Forest,2002,5,4+,2+,1.213,0.098,1.112,11.388,236.882,2697.548,24.481,23.756,51.763,117.76,3.347,2.591,3.058,19.685,0.086,0.046
House3,3,1,3.1,30to70,Residential,Forest,2002,5,4+,2+,1.134,0.066,0.822,12.423,299.864,3725.267,26.482,27.257,46.262,95.63,1.151,0.27,0.81,3.404,0.018,0
House3,3,2,3.2,30to70,Residential,Forest,2002,5,4+,2+,1.182,0.079,0.933,11.868,371.809,4412.474,22.481,30.008,47.512,104.23,3.442,0.272,0.817,4.066,-0.05,0
House3,3,1,3.1,70to100,Residential,Forest,2002,5,4+,2+,1.306,0.032,0.235,7.324,125.603,919.961,27.768,32.492,39.74,84.5,0.925,0.26,0.521,1.588,0.032,0
House3,3,2,3.2,70to100,Residential,Forest,2002,5,4+,2+,1.306,0.04,0.368,9.228,156.139,1440.881,31.341,31.016,37.644,80.34,3.219,0.261,0.731,2.004,-0.01,0
House4,4,1,4.1,0to10,Residential,Forest,1990,17,4+,2+,0.732,0.176,2.9,16.522,128.545,2123.827,47.474,16.258,36.268,87.47,6.121,11.393,0.881,76.325,0.54,0.557
House4,4,2,4.2,0to10,Residential,Forest,1990,17,4+,2+,0.858,0.143,1.761,12.333,122.526,1511.097,,,,170.22,2.508,17.053,0.637,88.033,0.734,0.664
House4,4,1,4.1,10to30,Residential,Forest,1990,17,4+,2+,0.926,0.079,1.439,18.235,146.069,2663.555,45.098,21.261,33.642,346.32,3.836,4.102,3.583,34.913,0.117,0.252
House4,4,2,4.2,10to30,Residential,Forest,1990,17,4+,2+,0.793,0.139,1.793,12.937,219.88,2844.653,35.25,17.5,47.25,85.99,3.532,7.567,1.401,47.008,0.306,0.383
House4,4,1,4.1,30to70,Residential,Forest,1990,17,4+,2+,1.202,0.023,0.21,9.206,109.665,1009.559,51.424,24.975,23.601,80.57,2.785,2.399,11.694,13.341,0.121,0.025
House4,4,2,4.2,30to70,Residential,Forest,1990,17,4+,2+,1.168,0.035,0.332,9.488,163.482,1551.151,44.5,27.5,28,96.44,2.585,1.35,6.129,9.052,0.038,0.045
House4,4,1,4.1,70to100,Residential,Forest,1990,17,4+,2+,1.347,0.019,0.132,7.038,76.029,535.099,44.542,27.479,27.979,81.43,3.683,2.356,3.227,6.16,0.07,0.031
House4,4,2,4.2,70to100,Residential,Forest,1990,17,4+,2+,1.114,0.025,0.211,8.53,82.561,704.241,43.307,32.468,24.226,66.26,2.569,0.962,28,46.183,1.957,0.026
House5,5,1,5.1,0to10,Residential,Forest,1994,13,4+,2+,0.892,0.15,4.88,32.467,134.053,4352.257,47.474,18.509,34.017,668.38,18.307,25.103,1.139,57.614,0.103,0.094
House5,5,2,5.2,0to10,Residential,Forest,1994,13,4+,2+,0.913,0.162,4.919,30.284,148.308,4491.334,,,,499.1,15.721,14.878,1.505,48.601,0.275,0.271
House5,5,1,5.1,10to30,Residential,Forest,1994,13,4+,2+,0.899,0.081,1.763,21.712,145.997,3169.831,35.686,23.524,40.791,286.97,7.767,16.713,3.004,29.959,0.099,0.294
House5,5,2,5.2,10to30,Residential,Forest,1994,13,4+,2+,0.951,0.085,2.13,25.206,160.706,4050.735,32.074,22.517,45.409,295.75,9.513,19.723,4.364,34.118,0.396,0.767
House5,5,1,5.1,30to70,Residential,Forest,1994,13,4+,2+,1.105,0.026,0.379,14.47,115.775,1675.231,40.735,33.758,25.506,123.69,3.472,9.762,3.569,13.248,-0.066,0.073
House5,5,2,5.2,30to70,Residential,Forest,1994,13,4+,2+,1.058,0.027,0.485,17.933,114.444,2052.388,48.824,25.025,26.151,129.99,4.06,0.562,11.35,11.877,-0.129,0.013
House5,5,1,5.1,70to100,Residential,Forest,1994,13,4+,2+,0.918,0.017,0.193,11.228,47.28,530.859,23.924,52.553,23.524,99.2,5.176,10.505,2.012,13.161,-0.065,0.017
House5,5,2,5.2,70to100,Residential,Forest,1994,13,4+,2+,1.025,0,0.1,,0,308.983,67.625,15,17.375,107.64,3.226,0.243,1.264,2.077,-0.028,0
House6,6,1,6.1,0to10,Residential,Forest,1997,10,4+,2+,0.951,0.179,2.262,12.645,170.185,2152.024,48.724,12.506,38.769,296.31,5.023,19.88,0.607,120.508,0.422,0.294
House6,6,2,6.2,0to10,Residential,Forest,1997,10,4+,2+,0.735,0.207,2.591,12.502,152.29,1903.857,,,,494.01,17.897,20.228,0.737,126.826,0.221,0.201
House6,6,1,6.1,10to30,Residential,Forest,1997,10,4+,2+,1.097,0.064,0.666,10.481,139.363,1460.608,45.598,20.01,34.392,79.46,2.799,3.599,15.531,34.984,0.063,0.387
House6,6,2,6.2,10to30,Residential,Forest,1997,10,4+,2+,0.815,0.118,1.539,13.047,192.299,2508.913,44.75,19.75,35.5,547.01,8.034,13.248,2.35,61.639,0.297,0.424
House6,6,1,6.1,30to70,Residential,Forest,1997,10,4+,2+,1.167,0.023,0.154,6.742,106.705,719.431,42.014,26.243,31.742,114.59,2.737,3.236,3.706,6.715,-0.119,0.081
House6,6,2,6.2,30to70,Residential,Forest,1997,10,4+,2+,0.799,,,,0,0,50.838,21.266,27.896,75.15,5.038,5.975,2.553,10.15,-0.034,0.057
House6,6,1,6.1,70to100,Residential,Forest,1997,10,4+,2+,1.206,0.019,0.116,6.114,68.44,418.472,66.858,14.507,18.634,66.15,2.619,10.188,2.508,14.711,0.118,0.233
House6,6,2,6.2,70to100,Residential,Forest,1997,10,4+,2+,0.976,0.016,0.129,7.81,48.326,377.43,58.844,16.262,24.894,111.39,3.749,4.106,0.267,5.183,0.131,0.131
House7,7,1,7.1,0to10,Residential,Forest,2001,6,4+,2+,0.73,0.28,4.357,15.57,204.35,3181.74,48.875,13.5,37.625,761.53,14.955,11.298,4.009,128.149,0.767,0.189
House7,7,2,7.2,0to10,Residential,Forest,2001,6,4+,2+,0.839,0.236,3.534,14.97,197.978,2963.722,,,,555.91,4.066,2.146,2.88,104.74,1.03,0.035
House7,7,1,7.1,10to30,Residential,Forest,2001,6,4+,2+,1.093,0.068,0.86,12.711,147.881,1879.642,55.114,17.504,27.382,146.44,3.702,2.131,2.334,19.621,0.199,0.225
House7,7,2,7.2,10to30,Residential,Forest,2001,6,4+,2+,0.905,0.069,0.774,11.184,125.29,1401.228,51.561,9.488,38.951,186.17,5.536,0.25,0.25,13.219,0.395,0
House7,7,1,7.1,30to70,Residential,Forest,2001,6,4+,2+,1.292,0.014,0.193,13.955,71.42,996.682,62.134,19.745,18.12,89.57,2.76,0.242,0.484,1.24,0.095,0
House7,7,2,7.2,30to70,Residential,Forest,2001,6,4+,2+,1.235,0.027,0.237,8.89,131.826,1171.99,50.863,13.253,35.884,75.27,1.687,0.249,0.249,1.194,0.375,0
House7,7,1,7.1,70to100,Residential,Forest,2001,6,4+,2+,1.291,0,0.161,,0,621.996,46.196,18.268,35.536,94.65,3.152,0.256,0.256,0.951,0.212,0
House7,7,2,7.2,70to100,Residential,Forest,2001,6,4+,2+,1.182,0,0.074,,0,261.094,49.663,14.489,35.848,54.59,2.232,0.254,0.254,0.747,0.423,0
House8,8,1,8.1,0to10,Residential,Forest,1969,38,2+,2+,0.895,0.175,1.774,10.139,156.496,1586.691,51.649,16.242,32.109,693.56,6.68,20.366,16.16,72.25,0.797,2.308
House8,8,2,8.2,0to10,Residential,Forest,1969,38,2+,2+,0.87,0.201,2.332,11.596,174.899,2028.202,,,,102.15,7.011,10.232,0.28,51.516,0.838,0.788
House8,8,1,8.1,10to30,Residential,Forest,1969,38,2+,2+,1.166,0.028,0.296,10.608,64.984,689.371,62.337,13.764,23.899,136.44,4.618,0.539,0.245,4.549,-0.03,-0.03
House8,8,2,8.2,10to30,Residential,Forest,1969,38,2+,2+,1.052,0.043,0.377,8.862,89.537,793.51,62.231,13.757,24.012,130.64,2.725,1.231,0.246,5.707,0.07,0.045
House8,8,1,8.1,30to70,Residential,Forest,1969,38,2+,2+,1.14,0,0.066,,0,299.546,76.363,1.251,22.386,108.63,2.552,0.244,0.244,0.956,0.058,0
House8,8,2,8.2,30to70,Residential,Forest,1969,38,2+,2+,1.152,0.009,0.078,8.324,43.01,358.008,79.385,2.499,18.116,58.74,2.523,0.235,0.235,1.499,0,0
House8,8,1,8.1,70to100,Residential,Forest,1969,38,2+,2+,1.194,0,0.041,,0,147.039,84.391,2.498,13.112,57.04,2.662,0.235,0.235,0.746,0,0
House8,8,2,8.2,70to100,Residential,Forest,1969,38,2+,2+,1.239,0,0.023,,0,85.488,89.489,2.503,8.008,63.39,2.415,0.23,0.23,0.725,0,0
House10,10,1,10.1,0to10,Residential,Forest,1989,18,4+,2+,0.998,0.176,3.666,20.785,176.051,3659.175,37.766,20.745,41.49,768.39,17.8,32.684,1.979,85.511,0.5,0.456
House10,10,2,10.2,0to10,Residential,Forest,1989,18,4+,2+,0.9,0.154,2.87,18.683,138.268,2583.295,,,,240.05,27.674,19.969,1.285,51.78,0.121,-0.025
House10,10,2,10.2,10to30,Residential,Forest,1989,18,4+,2+,1.176,0.067,1.22,18.087,158.688,2870.123,22.019,30.742,47.238,298.8,8.541,9.587,2.035,13.01,-0.046,0.115
House10,10,3,10.3,10to30,Residential,Forest,1989,18,4+,2+,1.213,0.052,1.679,32.421,125.615,4072.581,25.949,26.224,47.827,243.27,5.779,7.791,0.854,9.244,0.115,0.168
House10,10,2,10.2,30to70,Residential,Forest,1989,18,4+,2+,1.094,0.024,0.228,9.622,103.624,997.045,16,39.75,44.25,112.55,4.535,6.865,1.351,7.67,-0.06,-0.01
House10,10,3,10.3,30to70,Residential,Forest,1989,18,4+,2+,1.287,0.024,0.262,10.812,124.636,1347.623,18.689,35.026,46.285,134.49,5.188,3.545,0.982,5.435,-0.021,0
House10,10,2,10.2,70to100,Residential,Forest,1989,18,4+,2+,1.195,0.019,0.14,7.376,68.095,502.248,19.04,34.983,45.977,87.39,3.049,3.367,1.631,3.127,-0.104,-0.013
House10,10,3,10.3,70to100,Residential,Forest,1989,18,4+,2+,1.414,0.018,0.134,7.34,77.544,569.136,16.375,34.75,48.875,87.22,3.754,0.764,1.691,1.832,-0.11,-0.006
House14,14,1,14.1,0to10,Residential,Forest,1987,20,4+,2+,1.072,0.085,1.224,14.352,91.414,1311.991,40.08,22.767,37.153,80.9,17.775,8.857,1.677,38.646,0.626,0.684
House14,14,2,14.2,0to10,Residential,Forest,1987,20,4+,2+,1.048,0.14,2.123,15.216,146.153,2223.863,,,,511.88,5.468,14.972,7.401,62.629,0.531,1.143
House14,14,1,14.1,10to30,Residential,Forest,1987,20,4+,2+,1.091,0.117,1.565,13.417,254.515,3414.857,35.093,19.01,45.898,230.5,6.048,6.482,7.152,29.724,0.128,0.638
House14,14,2,14.2,10to30,Residential,Forest,1987,20,4+,2+,1.169,0.101,1.266,12.548,235.813,2958.918,37.578,18.764,43.658,147.28,3.518,6.058,5.215,32.192,0.112,0.458
House14,14,1,14.1,30to70,Residential,Forest,1987,20,4+,2+,1.239,0.047,0.514,10.979,231.959,2546.621,21.395,31.492,47.113,77.24,4.416,8.812,1.827,12.12,-0.06,0.029
House14,14,2,14.2,30to70,Residential,Forest,1987,20,4+,2+,1.234,0.046,0.565,12.414,224.765,2790.303,20.225,33.458,46.317,154.17,2.736,6.883,9.825,19.56,0.141,0.086
House14,14,1,14.1,70to100,Residential,Forest,1987,20,4+,2+,1.295,0.025,0.208,8.36,96.538,807.053,18.814,35.276,45.909,148.02,2.613,7.373,5.072,11.796,-0.035,-0.021
House14,14,2,14.2,70to100,Residential,Forest,1987,20,4+,2+,1.375,0.022,0.188,8.662,89.263,773.195,19.48,36.259,44.261,85.83,4.513,8.933,0.723,9.445,0.375,0.08
House15,15,1,15.1,0to10,Residential,Forest,1969,38,2+,2+,0.67,0.28,3.225,11.527,187.453,2160.853,42.793,18.736,38.471,221.58,21.695,19.536,1.918,124.801,1.498,1.464
House15,15,2,15.2,0to10,Residential,Forest,1969,38,2+,2+,0.938,0.199,2.535,12.756,186.436,2378.265,,,,93.67,9.381,9.541,0.686,46.404,0.751,0.7
House15,15,2,15.2,10to30,Residential,Forest,1969,38,2+,2+,0.896,0.134,0,,240.117,0,28,26.25,45.75,166.69,2.811,0.265,1.699,4.982,0.076,0.096
House15,15,3,15.3,10to30,Residential,Forest,1969,38,2+,2+,1.108,0.08,1.151,14.434,176.739,2551.091,37.938,23.774,38.288,65.49,5.58,1.549,1.601,4.175,0.474,-0.036
House15,15,2,15.2,30to70,Residential,Forest,1969,38,2+,2+,1.159,0.041,0.372,9.01,191.594,1726.244,16.042,34.983,48.976,68.55,3.029,0.53,2.173,4.288,0.02,0.016
House15,15,3,15.3,30to70,Residential,Forest,1969,38,2+,2+,1.279,0.047,0.442,9.467,238.752,2260.345,17.062,33.725,49.213,95.36,3.238,0.837,0.68,2.06,0.057,0.041
House15,15,2,15.2,70to100,Residential,Forest,1969,38,2+,2+,1.386,0.022,0.128,5.83,91.411,532.904,33.467,23.762,42.771,87.58,2.719,0.253,0.253,1.153,0,0
House15,15,3,15.3,70to100,Residential,Forest,1969,38,2+,2+,1.486,0.025,0.161,6.479,110.57,716.333,20.684,31.227,48.089,68.88,3.534,0.258,0.517,1.343,0.099,0
House16,16,1,16.1,0to10,Residential,Forest,1963,44,4+,2+,0.802,0.2,3.163,15.788,160.753,2537.973,39.92,15.988,44.092,244.09,15.306,13.571,0.798,84.829,1.297,1.277
House16,16,2,16.2,0to10,Residential,Forest,1963,44,4+,2+,0.807,0.259,3.042,11.754,208.845,2454.751,,,,250.82,12.214,20.824,0.835,33.281,9.419,-0.385
House16,16,1,16.1,10to30,Residential,Forest,1963,44,4+,2+,0.923,0.042,0.459,11.02,76.84,846.807,59.219,16.262,24.518,145.47,4.371,2.819,19.186,30.601,0.191,0.408
House16,16,2,16.2,10to30,Residential,Forest,1963,44,4+,2+,0.978,0.035,0.393,11.381,67.578,769.076,65.267,11.244,23.488,161.67,3.647,2.049,0.683,12.253,0.047,0.091
House16,16,1,16.1,30to70,Residential,Forest,1963,44,4+,2+,1.028,0,0.057,,0,233.27,79.115,6.253,14.632,112.68,3.584,1.056,0.48,1.866,-0.001,-0.001
House16,16,2,16.2,30to70,Residential,Forest,1963,44,4+,2+,1.119,0,0.059,,0,265.42,82.482,5.005,12.513,80.11,3.484,0.953,0.667,2.021,0.003,0.013
House16,16,1,16.1,70to100,Residential,Forest,1963,44,4+,2+,1.097,0,0.038,,0,125.479,88.827,5.321,5.853,104.05,4.218,0.229,0.687,1.226,0.014,0
House16,16,2,16.2,70to100,Residential,Forest,1963,44,4+,2+,0.978,0,0.039,,0,113.37,86.5,2.5,11,86.88,3.502,1.23,0.228,1.606,-0.024,-0.024
House17,17,1,17.1,0to10,Residential,Forest,1960,47,4+,2+,0.795,0.169,2.047,12.096,134.541,1627.404,46.947,11.261,41.792,647.04,5.413,6.087,1.217,64.901,0.562,0.574
House17,17,2,17.2,0to10,Residential,Forest,1960,47,4+,2+,0.701,0.264,3.301,12.498,185.18,2314.306,,,,527.28,11.958,3.356,1.62,82.312,0.853,0.727
House17,17,1,17.1,10to30,Residential,Forest,1960,47,4+,2+,0.923,0.104,1.254,12.063,192.049,2316.641,43.139,11.997,44.864,176.06,4.479,1.014,1.281,8.474,0.022,0.091
House17,17,2,17.2,10to30,Residential,Forest,1960,47,4+,2+,0.988,0.079,0.948,12.059,155.262,1872.292,47.085,18.764,34.151,97.15,6.05,0.261,2.037,15.513,0.376,0.026
House17,17,1,17.1,30to70,Residential,Forest,1960,47,4+,2+,1.076,0.036,0.311,8.539,156.871,1339.598,52.101,17.259,30.64,95.79,3.147,0.616,1.592,2.99,0.009,0.036
House17,17,2,17.2,30to70,Residential,Forest,1960,47,4+,2+,1.074,0.037,0.412,11.274,156.929,1769.22,53.34,17.263,29.397,127.57,4.057,0.254,3.656,7.67,0.068,0
House17,17,1,17.1,70to100,Residential,Forest,1960,47,4+,2+,1.067,0.016,0.163,9.944,52.53,522.35,63.991,10.003,26.007,82.91,3.153,0.249,0.697,0.79,-0.045,0
House17,17,2,17.2,70to100,Residential,Forest,1960,47,4+,2+,,,,,,,,,,,,,,,,
House18,18,2,18.2,0to10,Residential,Forest,1959,48,4+,2+,0.528,0.247,3.441,13.947,130.202,1815.961,,,,447.51,13.064,39.937,18.451,134.133,1.605,2.536
House18,18,3,18.3,0to10,Residential,Forest,1959,48,4+,2+,0.735,0.26,3.358,12.903,191.389,2469.394,46.223,13.507,40.27,377.36,13.612,13.089,11.65,90.662,1.459,1.987
House18,18,1,18.1,10to30,Residential,Forest,1959,48,4+,2+,0.912,0.031,0.536,17.245,56.66,977.077,67.649,9.993,22.358,122.88,5.844,0.255,0.255,8.76,0.077,0.05
House18,18,2,18.2,10to30,Residential,Forest,1959,48,4+,2+,1.019,0.033,0.788,23.991,66.993,1607.204,66.133,11.247,22.619,116.07,3.959,3.024,0.756,10.055,0.1,0.083
House18,18,2,18.2,30to70,Residential,Forest,1959,48,4+,2+,,,,,,,,,,,,,,,,
House18,18,3,18.3,30to70,Residential,Forest,1959,48,4+,2+,1.718,0.037,0.497,13.263,257.297,3412.478,54.977,17.509,27.514,100.65,3.196,0.251,0.553,1.699,-0.005,0.023
House18,18,2,18.2,70to100,Residential,Forest,1959,48,4+,2+,,,,,,,,,,,,,,,,
House18,18,3,18.3,70to100,Residential,Forest,1959,48,4+,2+,0.826,0.015,0.109,7.346,36.75,269.973,58.854,16.258,24.887,52.7,3.004,0.26,0.26,1.485,-0.001,0
House19,19,1,19.1,0to10,Residential,Forest,1964,43,4+,2+,0.694,0.306,3.744,12.219,212.53,2596.91,,,,83.39,13.641,35.327,1.736,121.171,0.904,0.954
House19,19,2,19.2,0to10,Residential,Forest,1964,43,4+,2+,0.872,0.194,2.504,12.879,169.558,2183.794,,,,335.16,8.101,31.84,1.823,92.466,0.91,0.277
House19,19,3,19.3,0to10,Residential,Forest,1964,43,4+,2+,0.595,0.333,3.913,11.767,197.903,2328.691,46.862,11.253,41.885,339.77,9.043,34.842,10.319,105.46,1.828,1.99
House19,19,1,19.1,10to30,Residential,Forest,1964,43,4+,2+,1.117,0.033,0.603,18.464,72.907,1346.18,63.964,2.002,34.034,70.35,4.364,3.438,0.253,10.937,0.526,0.064
House19,19,2,19.2,10to30,Residential,Forest,1964,43,4+,2+,0.944,0.094,1.18,12.595,167.137,2105.151,45.014,18.745,36.241,196.43,4.524,7.062,1.358,20.361,0.033,0.132
House19,19,3,19.3,10to30,Residential,Forest,1964,43,4+,2+,0.892,0.108,1.183,10.918,204.653,2234.487,44.028,14.743,41.229,195.37,3.704,12.301,8.723,36.734,0.156,0.375
House19,19,1,19.1,30to70,Residential,Forest,1964,43,4+,2+,1.292,0.023,0.222,9.755,117.423,1145.425,59.031,8.244,32.725,70.98,2.467,0.251,0.251,0.992,0.135,0
House19,19,2,19.2,30to70,Residential,Forest,1964,43,4+,2+,1.195,0.026,0.257,10.091,121.929,1230.431,54.534,19.735,25.731,89.5,2.593,1.622,1.774,2.588,-0.059,0.043
House19,19,3,19.3,30to70,Residential,Forest,1964,43,4+,2+,1.042,0.038,0.334,8.86,157.416,1394.748,50.012,24.994,24.994,94.21,2.161,5.576,2.814,12.223,-0.006,0.038
House19,19,1,19.1,70to100,Residential,Forest,1964,43,4+,2+,1.216,0,0.068,,0,248.018,67.351,11.509,21.141,56.48,2.416,0.248,0.248,0.493,0.144,0
House19,19,2,19.2,70to100,Residential,Forest,1964,43,4+,2+,1.221,0,0.107,,0,391.917,65.733,16.008,18.259,81.22,2.853,3.206,0.718,2.461,-0.073,-0.029
House19,19,3,19.3,70to100,Residential,Forest,1964,43,4+,2+,1.135,0.018,0.149,8.213,61.619,506.045,68.258,15.996,15.746,90.04,2.673,7.853,0.557,9.295,-0.041,-0.013
House23,23,1,23.1,0to10,Residential,Forest,1967,40,2+,2+,1.046,0.133,1.351,10.156,139.176,1413.442,34.543,28.786,36.671,299.05,4.372,4.294,0.859,38.247,0.58,0.591
House23,23,2,23.2,0to10,Residential,Forest,1967,40,2+,2+,0.982,0.143,1.511,10.538,140.781,1483.609,,,,110.4,4.5,6.376,2.84,52.078,0.686,0.808
House23,23,1,23.1,10to30,Residential,Forest,1967,40,2+,2+,1.22,0.048,0.558,11.55,117.765,1360.177,38.235,31.258,30.508,136.45,3.66,1.668,0.261,5.146,0.058,0.058
House23,23,2,23.2,10to30,Residential,Forest,1967,40,2+,2+,1.231,0.053,0.538,10.217,129.598,1324.063,27,36.5,36.5,126.03,3.713,1.191,0.57,4.169,0.016,0.047
House23,23,1,23.1,30to70,Residential,Forest,1967,40,2+,2+,1.145,0.023,0.234,10.051,106.809,1073.49,61.981,12.256,25.763,80.23,3.839,1.605,0.251,2.485,-0.015,-0.015
House23,23,2,23.2,30to70,Residential,Forest,1967,40,2+,2+,1.197,0.028,0.256,9.073,135.026,1225.069,51.363,17.754,30.883,72,3.485,1.18,0.246,2.179,0.039,0.005
House23,23,1,23.1,70to100,Residential,Forest,1967,40,2+,2+,,,,,,,,,,,,,,,,
House23,23,2,23.2,70to100,Residential,Forest,1967,40,2+,2+,1.045,0.012,0.106,9.004,36.782,331.202,48.564,8.739,42.697,71.81,3.125,1.739,0.264,2.692,0.014,-0.012
House24,24,1,24.1,0to10,Residential,Forest,1967,40,2+,2+,0.891,0.263,2.656,10.096,234.302,2365.501,46.875,21.25,31.875,154.59,13.773,12.376,4.437,89.941,0.489,0.839
House24,24,2,24.2,0to10,Residential,Forest,1967,40,2+,2+,0.812,0.204,2.058,10.066,165.923,1670.251,,,,191.04,10.615,7.693,1.167,55.796,0.472,0.494
House24,24,1,24.1,10to30,Residential,Forest,1967,40,2+,2+,1.088,0.041,0.381,9.319,88.895,828.382,40.684,36.214,23.102,103.73,3.36,1.488,0.744,4.377,0.054,0.048
House24,24,2,24.2,10to30,Residential,Forest,1967,40,2+,2+,1.105,0.044,0.435,9.957,96.572,961.563,40.08,42.532,17.388,139.65,3.584,2.076,0.692,7.332,0.056,0.057
House24,24,1,24.1,30to70,Residential,Forest,1967,40,2+,2+,1.069,0.02,0.118,5.982,84.433,505.055,58.771,17.491,23.738,62.18,2.291,17.775,0.273,21.7,0.085,0.085
House24,24,2,24.2,30to70,Residential,Forest,1967,40,2+,2+,1.136,0.015,0.098,6.615,67.028,443.388,52.726,28.764,18.509,63.99,2.187,8.953,0.201,10.961,0.086,0.053
House24,24,1,24.1,70to100,Residential,Forest,1967,40,2+,2+,1.043,0.012,0.078,6.365,38.234,243.358,85.265,2.498,12.238,76.57,2.768,6.007,0.266,8.035,0.044,0.044
House24,24,2,24.2,70to100,Residential,Forest,1967,40,2+,2+,1.23,0,0.018,,0,67.514,61.414,12.488,26.099,56.83,2.295,4.84,0.23,5.53,-0.031,-0.031
House25,25,1,25.1,0to10,Residential,Forest,1948,59,4+,1,0.957,0.19,2.221,11.666,182.094,2124.31,33.75,26.25,40,110.18,3.891,3.722,0.709,1.743,5.051,-0.312
House25,25,2,25.2,0to10,Residential,Forest,1948,59,4+,1,0.868,0.22,2.751,12.522,190.771,2388.87,,,,99.8,3.751,3.517,0.75,66.972,0.121,0.127
House25,25,1,25.1,10to30,Residential,Forest,1948,59,4+,1,1.274,0.04,0.627,15.518,102.944,1597.46,40.03,19.74,40.23,81.94,2.88,0.618,0.875,11.673,-0.09,-0.033
House25,25,2,25.2,10to30,Residential,Forest,1948,59,4+,1,1.268,0.044,0.502,11.487,110.912,1274.044,38.125,23.75,38.125,60,2.438,0.256,0.256,6.8,0,0
House25,25,1,25.1,30to70,Residential,Forest,1948,59,4+,1,1.442,0.024,0.215,9.087,136.759,1242.793,36.234,25.006,38.76,72.35,2.653,0.254,0.254,1.634,-0.001,0
House25,25,2,25.2,30to70,Residential,Forest,1948,59,4+,1,1.563,0.021,0.167,7.973,131.354,1047.227,40.515,25.994,33.492,64.55,2.696,0.243,0.243,1.061,0,0
House25,25,1,25.1,70to100,Residential,Forest,1948,59,4+,1,1.466,0.027,0.214,8.048,116.667,938.912,23.067,36.277,40.655,315.3,9.116,0.26,0.729,1.278,-0.043,0
House25,25,2,25.2,70to100,Residential,Forest,1948,59,4+,1,1.456,0.02,0.168,8.391,87.424,733.614,29.232,34.759,36.009,66.76,4.047,0.256,0.665,1.113,-0.038,0
House27,27,1,27.1,0to10,Residential,Forest,1969,38,2+,2+,0.787,0.127,1.653,13.024,99.955,1301.794,32.392,29.743,37.866,482.36,8.819,2.846,1.396,45.939,0.167,0.216
House27,27,2,27.2,0to10,Residential,Forest,1969,38,2+,2+,1.002,0.149,1.874,12.586,149.161,1877.302,,,,540.9,9.588,5.259,1.119,64.92,0.349,0.433
House27,27,1,27.1,10to30,Residential,Forest,1969,38,2+,2+,1.244,0.041,0.479,11.631,102.406,1191.074,32.307,33.534,34.159,86.22,3.769,0.643,0.841,5.528,0.083,0.049
House27,27,2,27.2,10to30,Residential,Forest,1969,38,2+,2+,1.135,0.036,0.394,11.082,80.707,894.421,24.587,42.521,32.891,164.47,4.585,0.811,5.423,32.794,0.012,0.09
House27,27,1,27.1,30to70,Residential,Forest,1969,38,2+,2+,1.186,0.026,0.199,7.782,121.307,944.008,28.589,50.936,20.474,69.88,3,0.275,0.716,1.962,0.028,0
House27,27,2,27.2,30to70,Residential,Forest,1969,38,2+,2+,1.155,,,,,,26.195,54.041,19.765,86.15,4.145,0.275,1.539,1.997,-0.084,-0.001
House27,27,1,27.1,70to100,Residential,Forest,1969,38,2+,2+,1.292,0.015,0.144,9.601,58.321,559.92,45.736,34.009,20.255,73.79,2.878,0.264,0.264,1.419,0.043,0
House27,27,2,27.2,70to100,Residential,Forest,1969,38,2+,2+,1.218,0.018,0.175,9.788,65.392,640.076,37.672,35.044,27.284,93.97,4.493,0.268,1.288,1.586,-0.066,0
House28,28,1,28.1,0to10,Residential,Forest,1968,39,2+,2+,1.061,0.185,2.333,12.578,196.746,2474.656,31.142,22.494,46.363,382.43,5.703,12.964,1.229,43.067,0.616,0.566
House28,28,2,28.2,0to10,Residential,Forest,1968,39,2+,2+,0.98,0.276,3.499,12.665,270.729,3428.712,,,,534.09,4.046,8.589,0.588,59.7,0.536,0.525
House28,28,1,28.1,10to30,Residential,Forest,1968,39,2+,2+,1.192,0.082,0.954,11.627,195.484,2272.949,26.927,27.277,45.796,144.51,3.968,8.117,2.158,17.301,-0.055,0.007
House28,28,2,28.2,10to30,Residential,Forest,1968,39,2+,2+,1.314,0.093,1.15,12.403,243.603,3021.404,22.308,29.728,47.964,139.33,4.427,4.16,3.03,16.6,0.397,0.366
House28,28,1,28.1,30to70,Residential,Forest,1968,39,2+,2+,1.362,0.028,0.286,10.18,152.884,1556.34,31.392,36.241,32.367,64.12,2.77,1.623,0.609,2.658,0.051,0.026
House28,28,2,28.2,30to70,Residential,Forest,1968,39,2+,2+,1.301,0.024,0.201,8.496,123.232,1047.007,34.484,33.508,32.008,66.97,2.721,0.548,1.743,2.69,0.053,0
House28,28,1,28.1,70to100,Residential,Forest,1968,39,2+,2+,1.308,0.015,0.085,5.725,57.956,331.771,39.03,40.98,19.99,49.93,2.556,0.865,0.254,2.123,0.031,-0.005
House28,28,2,28.2,70to100,Residential,Forest,1968,39,2+,2+,1.359,0.016,0.1,6.186,66.014,408.388,36.703,38.529,24.769,65.6,2.8,0.248,0.497,0.988,0.03,0
House29,29,1,29.1,0to10,Residential,Forest,1968,39,2+,2+,0.95,0.208,2.184,10.486,197.78,2074.018,52.512,16.246,31.242,810.94,8.452,12.271,0.774,75.458,1.176,1.166
House29,29,2,29.2,0to10,Residential,Forest,1968,39,2+,2+,0.992,0.204,2.141,10.497,202.395,2124.504,,,,739.57,14.736,13.85,0.701,72.439,0.641,0.653
House29,29,1,29.1,10to30,Residential,Forest,1968,39,2+,2+,1.348,0.057,0.711,12.44,154.103,1916.978,59.051,18.976,21.973,263.22,2.739,7.505,8.205,24.083,0.153,0.949
House29,29,2,29.2,10to30,Residential,Forest,1968,39,2+,2+,1.221,0.076,1.396,18.243,186.777,3407.365,44.07,24.969,30.961,194.24,6.724,5.36,7.708,16.498,-0.018,0.516
House29,29,1,29.1,30to70,Residential,Forest,1968,39,2+,2+,1.117,0.054,1.789,33.031,241.896,7989.99,41.802,31.539,26.658,173.87,7.006,2.467,0.257,5.38,-0.025,-0.025
House29,29,2,29.2,30to70,Residential,Forest,1968,39,2+,2+,1.264,0.045,0.706,15.864,225.065,3570.495,48.962,24.018,27.02,194.01,6.381,2.132,0.992,7.242,-0.016,0.058
House29,29,1,29.1,70to100,Residential,Forest,1968,39,2+,2+,1.213,0.078,1.462,18.815,282.708,5319.078,48.323,23.774,27.903,220.9,5.935,1.219,2.896,7.098,0.148,0.201
House29,29,2,29.2,70to100,Residential,Forest,1968,39,2+,2+,1.259,0.076,0.921,12.121,286.888,3477.303,57.136,17.746,25.119,283.7,11.755,9.729,1.905,22.393,0.045,0.209
House30,30,1,30.1,0to10,Residential,Forest,1952,55,4+,1,1.026,0.161,2.304,14.348,164.77,2364.2,38.344,22.261,39.395,,,,,,,
House30,30,2,30.2,0to10,Residential,Forest,1952,55,4+,1,1.026,0.174,2.882,16.521,179.004,2957.277,38.344,22.261,39.395,317.42,11.045,12.835,0.983,38.105,-0.592,-0.575
House30,30,1,30.1,10to30,Residential,Forest,1952,55,4+,1,1.245,0.104,1.606,15.474,258.442,3999.11,35.795,25.031,39.174,,,,,,,
House30,30,2,30.2,10to30,Residential,Forest,1952,55,4+,1,1.245,0.071,1.967,27.698,176.83,4897.833,28.375,28.75,42.875,155.68,4.005,8.548,1.002,13.376,0.306,0.374
House30,30,1,30.1,30to70,Residential,Forest,1952,55,4+,1,1.297,0.04,0.532,13.465,204.868,2758.625,37.719,25.013,37.269,88.59,3.17,1.142,0.571,1.641,-0.029,-0.001
House30,30,2,30.2,30to70,Residential,Forest,1952,55,4+,1,1.42,0.035,0.427,12.067,201.191,2427.722,33.875,29.5,36.625,113.83,2.449,1.64,0.264,2.428,0.017,0.017
House30,30,1,30.1,70to100,Residential,Forest,1952,55,4+,1,1.662,0.047,0.579,12.201,236.756,2888.764,32.324,20.766,46.91,149.03,3.608,1.084,0.568,2.464,0.005,0.033
House30,30,2,30.2,70to100,Residential,Forest,1952,55,4+,1,0.935,0.049,0.585,11.872,138.267,1641.546,33.342,21.261,45.398,94.6,2.716,1.356,0.261,1.176,0.074,0.074
